species,year,mean_bill,std_bill
Adelie,2008,38.56,2.9771922123685184
Adelie,2009,38.98269230769231,2.556554141797054
Chinstrap,2008,48.7,3.622154055254967
Chinstrap,2009,49.05416666666667,3.099225592847722
Gentoo,2008,46.936956521739134,2.6375374622428205
Gentoo,2009,48.5,3.185756993094046
